{
  "experiment_info": {
    "title": "Hybrid Quantum-Classical Feature Extraction + QSVM",
    "paper": "Hybrid Quantum-Classical Feature Extraction approach for Image Classification using Autoencoders and Quantum SVMs (2024)",
    "dataset": "MNIST",
    "seed": 42,
    "device": "cuda",
    "gpu_available": true
  },
  "config": {
    "latent_dim": 64,
    "ae_epochs": 20,
    "pca_components": 4,
    "n_qubits": 4,
    "qsvm_train_size": 100,
    "svm_kernel": "rbf"
  },
  "svm_clasico": {
    "accuracy": 1.0,
    "precision": 1.0,
    "recall": 1.0,
    "f1_score": 1.0,
    "roc_auc": 1.0,
    "confusion_matrix": [
      [
        21,
        0
      ],
      [
        0,
        29
      ]
    ],
    "train_time_s": 0.006178140640258789,
    "predict_time_s": 0.0011947154998779297
  },
  "qsvm": {
    "accuracy": 0.88,
    "precision": 0.96,
    "recall": 0.8275862068965517,
    "f1_score": 0.8888888888888888,
    "roc_auc": 0.9868637110016419,
    "confusion_matrix": [
      [
        20,
        1
      ],
      [
        5,
        24
      ]
    ],
    "kernel_time_s": 31.622210025787354,
    "train_time_s": 0.0025610923767089844,
    "predict_time_s": 0.0006656646728515625
  },
  "estadisticas": {
    "svm_cv_mean": 0.9800000000000001,
    "svm_cv_std": 0.03999999999999999,
    "qsvm_cv_mean": 0.99,
    "qsvm_cv_std": 0.020000000000000018,
    "t_test_stat": -0.44721359549995343,
    "t_test_pval": 0.6665811073830739,
    "wilcoxon_stat": 0.0,
    "wilcoxon_pval": 1.0,
    "mannwhitney_stat": 12.0,
    "mannwhitney_pval": 1.0,
    "svm_ci_95": [
      0.9244710978960441,
      1.035528902103956
    ],
    "qsvm_ci_95": [
      0.962235548948022,
      1.017764451051978
    ]
  },
  "autoencoder": {
    "train_losses": [
      0.1334073457843078,
      0.03395876530677017,
      0.02398464025290155,
      0.019677730114348153,
      0.017235680298605706,
      0.015441875334884694,
      0.014240090006481864,
      0.013288248105963537,
      0.012422406714338103,
      0.011667973494955472,
      0.011053474907920177,
      0.01059466091665759,
      0.010169056275966707,
      0.009843346426513657,
      0.009494473258140627,
      0.00917951997393357,
      0.008932472012047447,
      0.008689262979685752,
      0.008450740554145596,
      0.00826636393234801
    ],
    "val_losses": [
      0.04262200759464427,
      0.02710792778319196,
      0.020710183614039722,
      0.018026897141450567,
      0.016217082290898396,
      0.015047816465361208,
      0.014169978791305536,
      0.012986139123198352,
      0.012210843082564541,
      0.01143325924213174,
      0.010730482779348953,
      0.010496553369573777,
      0.010521410233517992,
      0.009829194072775448,
      0.009498714292539826,
      0.009343811540711152,
      0.0090637022652958,
      0.008972278006280525,
      0.008826295208610311,
      0.008494640152335545
    ],
    "final_train_loss": 0.00826636393234801,
    "final_val_loss": 0.008494640152335545
  }
}